<?xml version="1.0" encoding="utf-8"?>
<PluginInfo Project="Wwise Adventure Game" Platform="Windows" BasePlatform="Windows">
	<Plugins>
		<Plugin Name="Wwise Silence" ID="6619138" DLL="AkSilenceGenerator" StaticLib="AkSilenceSource"/>
		<Plugin Name="Wwise Parametric EQ" ID="6881283" DLL="AkParametricEQ" StaticLib="AkParametricEQFX"/>
		<Plugin Name="Wwise Delay" ID="6946819" DLL="AkDelay" StaticLib="AkDelayFX"/>
		<Plugin Name="Wwise Compressor" ID="7077891" DLL="AkCompressor" StaticLib="AkCompressorFX"/>
		<Plugin Name="Wwise Expander" ID="7143427" DLL="AkExpander" StaticLib="AkExpanderFX"/>
		<Plugin Name="Wwise Peak Limiter" ID="7208963" DLL="AkPeakLimiter" StaticLib="AkPeakLimiterFX"/>
		<Plugin Name="Wwise Matrix Reverb" ID="7536643" DLL="AkMatrixReverb" StaticLib="AkMatrixReverbFX"/>
		<Plugin Name="Wwise RoomVerb" ID="7733251" DLL="AkRoomVerb" StaticLib="AkRoomVerbFX"/>
		<Plugin Name="SoundSeed Air Wind" ID="7798786" DLL="AkSoundSeedAir" StaticLib="AkSoundSeedWindSource"/>
		<Plugin Name="SoundSeed Air Woosh" ID="7864322" DLL="AkSoundSeedAir" StaticLib="AkSoundSeedWooshSource"/>
		<Plugin Name="Wwise Flanger" ID="8192003" DLL="AkFlanger" StaticLib="AkFlangerFX"/>
		<Plugin Name="Wwise Convolution Reverb" ID="8323075" DLL="AkConvolutionReverb" StaticLib="AkConvolutionReverbFX"/>
		<Plugin Name="Wwise Meter" ID="8454147" DLL="AkSoundEngineDLL" StaticLib="AkMeterFX"/>
		<Plugin Name="Wwise Tremolo" ID="8585219" DLL="AkTremolo" StaticLib="AkTremoloFX"/>
		<Plugin Name="Wwise Stereo Delay" ID="8847363" DLL="AkStereoDelay" StaticLib="AkStereoDelayFX"/>
		<Plugin Name="Wwise Pitch Shifter" ID="8912899" DLL="AkPitchShifter" StaticLib="AkPitchShifterFX"/>
		<Plugin Name="Wwise Harmonizer" ID="9043971" DLL="AkHarmonizer" StaticLib="AkHarmonizerFX"/>
		<Plugin Name="Wwise Synth One" ID="9699330" DLL="AkSynthOne" StaticLib="AkSynthOneSource"/>
		<Plugin Name="Wwise Reflect" ID="11206659" DLL="AkReflect" StaticLib="AkReflectFX"/>
		<Plugin Name="System" ID="11403271"/>
		<Plugin Name="No Output" ID="11862023"/>
	</Plugins>
</PluginInfo>
